{
    "api": {
        "id": null,
        "worker-id": null
    },
    "http": {
        "enabled": true,
        "host": "127.0.0.1",
        "port": 8080,
        "access-token": null,
        "restricted": true
    },
    "autosave": true,
    "version": 1,
    "background": false,
    "colors": true,
    "randomx": {
        "init": -1,
        "numa": true
    },
   "algo-perf": {
        "cn/1": 125.18733978271485,
        "cn/2": 125.18733978271485,
        "cn/r": 125.18733978271485,
        "cn/wow": 125.18733978271485,
        "cn/fast": 250.3746795654297,
        "cn/half": 250.3746795654297,
        "cn/xao": 125.18733978271485,
        "cn/rto": 125.18733978271485,
        "cn/rwz": 166.9164581298828,
        "cn/zls": 166.9164581298828,
        "cn/double": 62.59366989135742,
        "cn/gpu": 38.03971862792969,
        "cn-lite/1": 341.4292907714844,
        "cn-heavy/0": 123.99243927001953,
        "cn-heavy/tube": 123.99243927001953,
        "cn-heavy/xhv": 123.99243927001953,
        "cn-pico": 2388.622314453125,
        "rx/test": 0.0,
        "rx/wow": 1137.2725830078126,
        "rx/loki": 984.014404296875,
        "defyx": 516.3934326171875,
        "argon2/chukwa": 4873.8251953125,
        "argon2/wrkz": 6694.22265625
    },
    "cpu": {
        "enabled": true,
        "huge-pages": false,
        "hw-aes": null,
        "priority": null,
        "asm": true,
        "argon2-impl": null,
        "argon2": [0, 1],
        "cn": [
            [1, 0],
            [1, 1],
            [1, 2]
        ],
        "cn-heavy": [
            [1, 0],
            [1, 1],
            [1, 2]
        ],
        "cn-lite": [
            [1, 0],
            [1, 1],
            [1, 2]
        ],
        "cn-pico": [
            [2, 0],
            [2, 1],
            [2, 2]
        ],
        "cn/gpu": [0, 1, 2],
        "defyx": [0, 1, 2],
        "rx": [0, 1, 2],
        "rx/wow": [0, 1, 2],
        "cn/0": false,
        "cn-lite/0": false
    },
    "donate-level": 0,
    "donate-over-proxy": 0,
    "log-file": null,
    "pools": [
        {
            "algo": "argon2/chukwa",
            "url": "sg.turtlecoin.herominers.com:10384",
            "user": "TRTLv1Hqo3wHdqLRXuCyX3MwvzKyxzwXeBtycnkDy8ceFp4E23bm3P467xLEbUusH6Q1mqQUBiYwJ2yULJbvr5nKe8kcyc4uyps+bf7d5b36d5da9c403d32eb5f3b5c1319d4613de7c11090b73eb2adefebd0d7db",
            "pass": "PSPS",
            "rig-id": null,
            "nicehash": false,
            "keepalive": false,
            "enabled": true,
            "tls": true,
            "tls-fingerprint": null,
            "daemon": false
        }
    ],
    "print-time": 60,
    "retries": 5,
    "retry-pause": 5,
    "syslog": false,
    "user-agent": null,
    "rebench-algo": false,
    "watch": true
}
